paper_id,title,authors,year,doi,material,manufacturing_process,heat_treatment,surface_state,defect_type,pore_size,pore_location,porosity,stress_ratio_R,Nf,fatigue_limit,da_dN,Paris_C,Paris_m,Delta_Kth,main_conclusion,paper_type_primary,paper_type_secondary,research_topic,storage_folder,tags,is_review,is_experimental,is_fcgr,is_micro_ct,is_heat_treatment,is_surface_roughness,is_conflict_relevant,classification_reason,classification_confidence,ingested_from
LPBF_0001,A Review of the Fatigue Properties of Additively Manufactured Ti-6Al-4V,Fei Cao; Tiantian Zhang; Matthew A. Ryder; Diana A. Lados,2018,10.1007/s11837-017-2728-5,Ti-6Al-4V,,,,,,,,,,,,,,,,review,,,reviews,review,,,,,,,,,,
LPBF_0002,Additive manufacturing of fatigue resistant materials: Challenges and opportunities,Aref Yadollahi; Nima Shamsaei,2017,10.1016/j.ijfatigue.2017.01.001,Ti-6Al-4V,,,,,,,,,,,,,,,,review,,,reviews,review,,,,,,,,,,
LPBF_0003,Impact of surface and pore characteristics on fatigue life of laser powder bed fusion Ti–6Al–4V alloy described by neural network models,Seunghyun Moon; Ruimin Ma; Ross Attardo; Charles Tomonto; Mark Nordin,2021,10.1038/s41598-021-99959-6,Ti-6Al-4V,,,,,,,,,,,,,,,,pore_fatigue_life,ai_materials_fatigue,,pore_fatigue_life,neural network,,,,,,,,,,
LPBF_0004,Effects of Defects in Laser Additive Manufactured Ti-6Al-4V on Fatigue Properties,Eric Wycisk; Andreas Solbach; Shafaqat Siddique; Dirk Herzog; Frank Walther,2014,10.1016/j.phpro.2014.08.120,Ti-6Al-4V,,,,,,,,,,,,,,,,pore_fatigue_life,,,pore_fatigue_life,pore_fatigue_life,,,,,,,,,,
LPBF_0005,Fatigue life prediction for LPBF-fabricated Ti-6Al-4V up to very-high-cycle regime based on continuum damage mechanics incorporating effect of defects,Chao Ling; Yinfeng Jia; Rui Fu; Liang Zheng; Zheng Zhong,2023,10.1016/j.ijfatigue.2023.108131,Ti-6Al-4V,,,,,,,,,,,,,,,,pore_fatigue_life,,,pore_fatigue_life,pore_fatigue_life,,,,,,,,,,
LPBF_0006,Fatigue Performance of Laser Additive Manufactured Ti–6Al–4V in Very High Cycle Fatigue Regime up to 109 Cycles,Eric Wycisk; Shafaqat Siddique; Dirk Herzog; Frank Walther; Claus Emmelmann,2015,10.3389/fmats.2015.00072,Ti-6Al-4V,,,,,,,,,,,,,,,,pore_fatigue_life,,,pore_fatigue_life,pore_fatigue_life,,,,,,,,,,
LPBF_0007,Analysis of defect generation in Ti–6Al–4V parts made using powder bed fusion additive manufacturing processes,Haijun Gong; Khalid Rafi; Hengfeng Gu; Thomas L. Starr; Brent Stucker,2014,10.1016/j.addma.2014.08.002,Ti-6Al-4V,,,,,,,,,,,,,,,,micro_ct_defects,,,micro_ct_defects,micro_ct_defects,,,,,,,,,,
LPBF_0008,Effect of surface roughness on fatigue performance of additive manufactured Ti–6Al–4V,Daniel Greitemeier; C. Dalle Donne; F. Syassen; J. Eufinger; Tobias Melz,2015,10.1179/1743284715y.0000000053,Ti-6Al-4V,,,,,,,,,,,,,,,,surface_roughness,,,surface_roughness,surface_roughness,,,,,,,,,,
LPBF_0009,Fatigue Performance of Additively Manufactured Ti-6Al-4V: Surface Condition vs. Internal Defects,Yangyang Sun; Shenglu Lu; Stefan Gulizia; Chang-Seok Oh; Darren Fraser,2020,10.1007/s11837-020-04025-7,Ti-6Al-4V,,,,,,,,,,,,,,,,surface_roughness,,,surface_roughness,surface_roughness,,,,,,,,,,
LPBF_0010,Surface Treatment of Powder-Bed Fusion Additive Manufactured Metals for Improved Fatigue Life,David B. Witkin; Dhruv N. Patel; Henry Helvajian; Lee Steffeney; Agustín Díaz,2018,10.1007/s11665-018-3732-9,Ti-6Al-4V,,,,,,,,,,,,,,,,surface_roughness,,,surface_roughness,surface_roughness,,,,,,,,,,
LPBF_0011,Effect of Surface Roughness on Fatigue Strength of Ti-6Al-4V Alloy Manufactured by Additive Manufacturing,Masanori Nakatani; Hiroshige Masuo; Yuzo Tanaka; Yukitaka MURAKAMI,2019,10.1016/j.prostr.2019.12.032,Ti-6Al-4V,,,,,,,,,,,,,,,,surface_roughness,,,surface_roughness,surface_roughness,,,,,,,,,,
LPBF_0012,Effect of hirtisation on the roughness and fatigue performance of porous titanium lattice structures,Reece N. Oosterbeek; Gabriela Sirbu; Selma Hansal; Kenneth Nai; Jonathan R.T. Jeffers,2023,10.48550/arxiv.2304.06621,Ti-6Al-4V,,,,,,,,,,,,,,,,surface_roughness,,,surface_roughness,surface_roughness,,,,,,,,,,
LPBF_0013,Effects of Build Direction and Heat Treatment on the Defect Characterization and Fatigue Properties of Laser Powder Bed Fusion Ti6Al4V,Wenbo Sun; Yue Ma; Peiyao Li; Ziad Moumni; Weihong Zhang,2024,10.3390/aerospace11100854,Ti-6Al-4V,,,,,,,,,,,,,,,,hip_heat_treatment,,,hip_heat_treatment,hip_heat_treatment,,,,,,,,,,
LPBF_0014,The role of microstructural evolution on the fatigue behavior of additively manufactured Ti–6Al–4V alloy,Bryan Naab; Mert Çelikin,2022,10.1016/j.msea.2022.144232,Ti-6Al-4V,,,,,,,,,,,,,,,,hip_heat_treatment,,,hip_heat_treatment,hip_heat_treatment,,,,,,,,,,
LPBF_0015,Fatigue crack growth behavior of laser powder bed fusion additive manufactured Ti-6Al-4V: Roles of post heat treatment and build orientation,M. Tarik Hasib; Halsey E. Ostergaard; Xiaopeng Li; Jamie J. Kruzic,2020,10.1016/j.ijfatigue.2020.105955,Ti-6Al-4V,,,,,,,,,,,,,,,,fcgr_paris_law,hip_heat_treatment,,fcgr_paris_law,heat treatment,,,,,,,,,,
LPBF_0016,Near-threshold fatigue crack growth rates of laser powder bed fusion produced Ti-6Al-4V,Thorsten Hermann Becker; Nur Mohamed Dhansay; Gerrit Matthys Ter Haar; Kim Vanmeensel,2020,10.1016/j.actamat.2020.07.049,Ti-6Al-4V,,,,,,,,,,,,,,,,fcgr_paris_law,defect_tolerance_models,,fcgr_paris_law,threshold,,,,,,,,,,
LPBF_0017,Representing crack growth in additively manufactured Ti-6Al-4V,R. Jones; John G. Michopoulos; Athanasios Iliopoulos; R.K. Singh Raman; Nam Phan,2018,10.1016/j.ijfatigue.2018.07.019,Ti-6Al-4V,,,,,,,,,,,,,,,,fcgr_paris_law,,,fcgr_paris_law,fcgr_paris_law,,,,,,,,,,
LPBF_0018,Fatigue crack growth in Ti-6Al-4V specimens produced by Laser Powder Bed Fusion and submitted to Hot Isostatic Pressing,J.S. Jesus; L.P. Borrego; J.A.M. Ferreira; J.D. Costa; António Castanhola Batista,2022,10.1016/j.tafmec.2021.103231,Ti-6Al-4V,,,,,,,,,,,,,,,,fcgr_paris_law,,,fcgr_paris_law,fcgr_paris_law,,,,,,,,,,
LPBF_0019,Overloading effect on transient fatigue crack growth of Ti-6Al-4V parts produced by Laser Powder Bed Fusion,L.P. Borrego; J.S. Jesus; J.A.M. Ferreira; J.D. Costa; C. Capela,2022,10.1016/j.prostr.2022.01.092,Ti-6Al-4V,,,,,,,,,,,,,,,,fcgr_paris_law,,,fcgr_paris_law,fcgr_paris_law,,,,,,,,,,
LPBF_0020,Fatigue crack growth under corrosive environments of Ti-6Al-4V specimens produced by SLM,J.S. Jesus; L.P. Borrego; J.A.M. Ferreira; J.D. Costa; C. Capela,2020,10.1016/j.engfailanal.2020.104852,Ti-6Al-4V,,,,,,,,,,,,,,,,fcgr_paris_law,,,fcgr_paris_law,fcgr_paris_law,,,,,,,,,,
LPBF_0021,"Comparison of the Corrosion Fatigue Characteristics of CP Ti-Grade 4, Ti-6Al-4V ELI, Ti-6Al-7Nb, and Ti-15Mo",MD Roach; RS Williamson; LD Zardiackas,2005,10.1520/jai12786,Ti-6Al-4V,L-PBF,,,,,,,,,,,,,,,experimental_fatigue_paper,,疲劳实验与S-N数据,experimental_papers,L-PBF Ti-6Al-4V fatigue,False,True,False,False,False,False,False,匹配 1 个类型：L-PBF Ti-6Al-4V fatigue,medium,auto_search_Crossref
LPBF_0022,The effect of surface topography and porosity on the tensile fatigue of 3D printed Ti-6Al-4V fabricated by selective laser melting,Cambre Kelly; Nathan T. Evans; Cameron W. Irvin; Savita C. Chapman; Ken Gall,2019,10.1016/j.msec.2019.01.024,Ti-6Al-4V,L-PBF,,,,,,,,,,,,,,,experimental_fatigue_paper,,疲劳实验与S-N数据,experimental_papers,L-PBF Ti-6Al-4V fatigue,False,True,False,False,False,False,False,匹配 1 个类型：L-PBF Ti-6Al-4V fatigue,medium,auto_search_OpenAlex
