research_object,variable_type,variable_name,variable_range,property_or_result,mechanism,evidence,missing_evidence,future_hypothesis,feasibility_level,source_paper
SLM Ti-6Al-4V,microstructure,"acicular α′ martensite, lamellar (α + β), equiaxed (α + β), bimodal lamellar (α + β), equiaxed α",varies with processing parameters,fatigue resistance,Microstructure variation → local stress distribution and crack propagation path → improved fatigue resistance in critical loading directions,"The microstructure of SLM Ti-6Al-4V is highly dependent on processing parameters such as layer thickness, scan strategy, and laser power. Tailoring the microstructure through SLM can lead to improved fatigue resistance in critical loading directions.",No direct quantitative data on how specific microstructures correlate with fatigue life or crack growth rate.,Tailoring the proportion of acicular α′ martensite and lamellar (α + β) microstructure will significantly improve fatigue resistance in HCF/VHCF regimes.,A,A Review of the As-Built SLM Ti-6Al-4V Mechanical Properties towards Achieving Fatigue Resistant Designs
SLM Ti-6Al-4V,surface_state,surface roughness,high,fatigue performance,Surface roughness → stress concentration at surface defects → early crack initiation → reduced fatigue life,Surface roughness has a significant negative impact on fatigue performance.,No detailed quantification of how different levels of surface roughness affect fatigue life or crack initiation sites.,Reducing surface roughness via post-processing will significantly increase fatigue life in HCF/VHCF conditions.,A,A Review of the Fatigue Properties of Additively Manufactured Ti-6Al-4V
SLM Ti-6Al-4V,defect,porosity,present in as-built samples,fatigue life,Porosity → stress concentration and crack initiation sites → reduced fatigue life,Defects such as porosity significantly affect fatigue crack initiation.,"No detailed analysis of how pore size, shape, and distribution influence fatigue life.",Reducing porosity through HIP treatment will significantly improve fatigue life in HCF/VHCF regimes.,A,Critical assessment of the fatigue performance of additively manufactured Ti–6Al–4V and perspective for future research
SLM Ti-6Al-4V,defect,keyhole porosity,present in as-built samples,fatigue life,Keyhole porosity → localized stress concentration → crack initiation → reduced fatigue life,Keyhole porosity has a major impact on fatigue life.,No detailed quantification of how keyhole porosity affects fatigue life under different loading conditions.,Quantifying the effect of keyhole porosity on fatigue life using fracture mechanics models would improve predictive capabilities.,A,Effects of Process Parameters and Process Defects on the Flexural Fatigue Life of Ti-6Al-4V Fabricated by Laser Powder Bed Fusion
SLM Ti-6Al-4V,heat_treatment,HIP (Hot Isostatic Pressing),920°C/150 MPa/3 h,fatigue life,HIP → elimination of porosity and defects → reduced stress concentration → increased fatigue life,Post-processing treatments like HIP improve fatigue properties significantly.,No comparative data on fatigue life before and after HIP under HCF/VHCF conditions.,Comparative fatigue testing of HIP-treated and non-HIP-treated samples under VHCF conditions would validate its effectiveness.,A,A Review of the Fatigue Properties of Additively Manufactured Ti-6Al-4V
SLM Ti-6Al-4V,microstructure,coarser α′/α lath thickness,increased by heat treatment,fatigue crack growth rate (FCGR),Coarser α′/α lath → reduced slip transfer → slower crack growth → lower FCGR,Coarser α′/α lath thicknesses resulted in slower FCGRs and higher fatigue thresholds.,No detailed study on how lath thickness affects near-threshold behavior.,Investigating the relationship between lath thickness and near-threshold fatigue crack growth would enhance understanding of microstructure-sensitive fatigue behavior.,A,Fatigue crack growth behavior and microstructural mechanisms in Ti-6Al-4V manufactured by laser engineered net shaping
SLM Ti-6Al-4V,stress_ratio,R value (stress ratio),varied,fatigue crack growth behavior,Stress ratio → crack closure effect → change in crack growth rate → altered fatigue life,R值显著影响疲劳裂纹扩展行为。,No detailed quantification of how R values affect crack closure and fatigue life in HCF/VHCF regimes.,Quantifying the effect of R values on crack closure and fatigue life using fracture mechanics models would improve predictive accuracy.,A,"Fatigue crack growth in L-PBF Ti-6Al-4V: Influence of notch orientation, stress ratio, and volumetric defects"
SLM Ti-6Al-4V,defect,unfused particles and lack of fusion zones,present in as-built samples,fatigue life,Unfused particles and lack of fusion → stress concentration → crack initiation → reduced fatigue life,Crack initiation occurs from internal surfaces due to defects.,No detailed analysis of how defect types and sizes influence fatigue life in HCF/VHCF regimes.,Quantifying the effect of unfused particles and lack of fusion on fatigue life using fracture mechanics models would improve predictive capabilities.,A,Fatigue Failure from Inner Surfaces of Additive Manufactured Ti-6Al-4V Components
SLM Ti-6Al-4V,microstructure,"columnar grains of prior β-phase, fine lamellar microstructure consisting completely of α-phase and α′-martensite",after HIP and heat treatment,fatigue life,Fine lamellar microstructure → enhanced crack deflection and energy dissipation → improved fatigue life,The fatigue performance of the SLM processed and subsequently hot isostatically pressed condition is superior to its two additively manufactured counterparts and similar to conventionally processed material.,No detailed comparison of microstructure evolution during HIP and its effect on fatigue life.,Analyzing the microstructure evolution during HIP and correlating it with fatigue life would provide deeper insight into microstructure-property relationships.,A,Fatigue Performance of laser additive manufactured Ti–6Al–4V in Very high cycle Fatigue regime up to 109 cycles
AM Ti-6Al-4V,manufacturing_process,L-PBF,文献中描述的工艺参数,"monotonic properties, low and HCF properties, fracture behaviour",制备工艺参数影响微观组织和缺陷特征，进而影响疲劳性能,文献采用L-PBF制备AM Ti-6Al-4V,缺乏L-PBF工艺参数→组织→疲劳性能的完整定量链,优化L-PBF工艺参数可降低缺陷密度提升AM Ti-6Al-4V疲劳性能,B,A Review of the As-Built SLM Ti-6Al-4V Mechanical Properties towards Achieving Fatigue Resistant Designs
AM Ti-6Al-4V,loading_condition,HCF loading,文献中使用的载荷参数,"HCF下的monotonic properties, low and HCF properties, fracture behaviour",HCF条件下裂纹萌生与扩展机制,文献研究AM Ti-6Al-4V的HCF行为,缺乏AM Ti-6Al-4V在HCF下的多因素耦合研究,AM Ti-6Al-4V在HCF条件下的寿命预测模型需考虑缺陷-组织耦合效应,B,A Review of the As-Built SLM Ti-6Al-4V Mechanical Properties towards Achieving Fatigue Resistant Designs
AM Ti-6Al-4V,microstructure,"α′ martensite, lamellar α+β",文献中报告的组织特征参数,"monotonic properties, low and HCF properties, fracture behaviour受α′ martensite, lamellar α+β影响","α′ martensite, lamellar α+β影响裂纹萌生位置和扩展路径，决定疲劳抗力","The microstructure of SLM Ti-6Al-4V is highly dependent on processing parameters such as layer thickness, scan strategy, and laser power.; In situ transformation of α′ martensite into lamellar (α + β)","缺乏AM Ti-6Al-4V中α′ martensite, lamellar α+β与FCGR的定量关系","调控AM Ti-6Al-4V的α′ martensite, lamellar α+β可优化疲劳裂纹扩展抗力",B,A Review of the As-Built SLM Ti-6Al-4V Mechanical Properties towards Achieving Fatigue Resistant Designs
AM Ti-6Al-4V,temperature_environment,room temperature,room temperature,"room temperature下monotonic properties, low and HCF properties, fracture behaviour",room temperature环境影响裂纹萌生与扩展机制,"The microstructure of SLM Ti-6Al-4V is highly dependent on processing parameters such as layer thickness, scan strategy, and laser power.; In situ transformation of α′ martensite into lamellar (α + β)",缺乏AM Ti-6Al-4V在room temperature下疲劳性能的系统数据,AM Ti-6Al-4V在room temperature下的疲劳机制与室温不同需单独研究,B,A Review of the As-Built SLM Ti-6Al-4V Mechanical Properties towards Achieving Fatigue Resistant Designs
AM Ti-6Al-4V,manufacturing_process,L-PBF,文献中描述的工艺参数,DKth,crack deflection by prior-beta grain boundaries,文献采用L-PBF制备AM Ti-6Al-4V,缺乏L-PBF工艺参数→组织→疲劳性能的完整定量链,优化L-PBF工艺参数可降低缺陷密度提升AM Ti-6Al-4V疲劳性能,B,A Review of the Fatigue Properties of Additively Manufactured Ti-6Al-4V
AM Ti-6Al-4V,heat_treatment,annealing,annealing,DKth,热处理(annealing)改变α/β相比例和片层厚度，影响裂纹扩展路径,Surface roughness has a significant negative impact on fatigue performance.; Post-processing treatments like HIP improve fatigue properties significantly.; Microstructure anisotropy affects fatigue cr,缺乏AM Ti-6Al-4V不同热处理制度的疲劳性能系统对比数据,优化AM Ti-6Al-4V热处理制度可提升疲劳裂纹扩展抗力,B,A Review of the Fatigue Properties of Additively Manufactured Ti-6Al-4V
AM Ti-6Al-4V,loading_condition,LCF loading,文献中使用的载荷参数,LCF下的DKth,LCF条件下crack deflection by prior-beta grain boundaries,文献研究AM Ti-6Al-4V的LCF行为,缺乏AM Ti-6Al-4V在LCF下的多因素耦合研究,AM Ti-6Al-4V在LCF条件下的寿命预测模型需考虑缺陷-组织耦合效应,B,A Review of the Fatigue Properties of Additively Manufactured Ti-6Al-4V
AM Ti-6Al-4V,microstructure,grain size,文献中报告的组织特征参数,DKth受grain size影响,grain size影响裂纹萌生位置和扩展路径，决定疲劳抗力,Surface roughness has a significant negative impact on fatigue performance.; Post-processing treatments like HIP improve fatigue properties significantly.; Microstructure anisotropy affects fatigue cr,缺乏AM Ti-6Al-4V中grain size与FCGR的定量关系,调控AM Ti-6Al-4V的grain size可优化疲劳裂纹扩展抗力,B,A Review of the Fatigue Properties of Additively Manufactured Ti-6Al-4V
AM Ti-6Al-4V,temperature_environment,room temperature,room temperature,room temperature下DKth,room temperature环境影响crack deflection by prior-beta grain boundaries,Surface roughness has a significant negative impact on fatigue performance.; Post-processing treatments like HIP improve fatigue properties significantly.; Microstructure anisotropy affects fatigue cr,缺乏AM Ti-6Al-4V在room temperature下疲劳性能的系统数据,AM Ti-6Al-4V在room temperature下的疲劳机制与室温不同需单独研究,B,A Review of the Fatigue Properties of Additively Manufactured Ti-6Al-4V
AM Ti-6Al-4V,model_parameter,Kitagawa–Takahashi diagram,文献中使用的模型参数,疲劳寿命预测/裂纹扩展速率预测,Kitagawa–Takahashi diagram用于建立变量与疲劳性能之间的定量关系,文献使用Kitagawa–Takahashi diagram分析AM Ti-6Al-4V疲劳数据,缺乏Kitagawa–Takahashi diagram在不同AM Ti-6Al-4V工艺条件下的泛化能力验证,融合物理机制的Kitagawa–Takahashi diagram可提升AM Ti-6Al-4V疲劳寿命预测精度,B,A Review of the Fatigue Properties of Additively Manufactured Ti-6Al-4V
AM Ti-6Al-4V,testing_method,surface defects,文献中观察到的起裂位置和机制,裂纹起裂受surface defects控制,surface defects,Surface roughness has a significant negative impact on fatigue performance.; Post-processing treatments like HIP improve fatigue properties significantly.; Microstructure anisotropy affects fatigue cr,缺乏裂纹起裂机制的定量判据和预测模型,AM Ti-6Al-4V的裂纹起裂机制在缺陷和组织特征之间存在竞争关系,B,A Review of the Fatigue Properties of Additively Manufactured Ti-6Al-4V
AM Ti-6Al-4V,defect,pore defect,文献中报告的孔隙尺寸和分布,Fatigue life,孔隙缺陷在循环载荷下引发局部应力集中，促进裂纹在孔隙边缘萌生,Additive manufacturing of Ti–6Al–4V shows promise but requires further understanding of fatigue performance.; Defects such as porosity significantly affect fatigue crack initiation.; HIP treatment imp,缺乏孔隙特征(尺寸/位置/形态)与疲劳寿命的定量关系数据,AM Ti-6Al-4V的孔隙特征参量可定量预测疲劳寿命,B,Critical assessment of the fatigue performance of additively manufactured Ti–6Al–4V and perspective for future research
AM Ti-6Al-4V,manufacturing_process,Additive manufacturing,文献中描述的工艺参数,Fatigue life,制备工艺参数影响微观组织和缺陷特征，进而影响疲劳性能,文献采用Additive manufacturing制备AM Ti-6Al-4V,缺乏Additive manufacturing工艺参数→组织→疲劳性能的完整定量链,优化Additive manufacturing工艺参数可降低缺陷密度提升AM Ti-6Al-4V疲劳性能,B,Critical assessment of the fatigue performance of additively manufactured Ti–6Al–4V and perspective for future research
AM Ti-6Al-4V,model_parameter,Best fit line,文献中使用的模型参数,疲劳寿命预测/裂纹扩展速率预测,Best fit line用于建立变量与疲劳性能之间的定量关系,文献使用Best fit line分析AM Ti-6Al-4V疲劳数据,缺乏Best fit line在不同AM Ti-6Al-4V工艺条件下的泛化能力验证,融合物理机制的Best fit line可提升AM Ti-6Al-4V疲劳寿命预测精度,B,Critical assessment of the fatigue performance of additively manufactured Ti–6Al–4V and perspective for future research
AM Ti-6Al-4V,testing_method,Porosity-type defects,文献中观察到的起裂位置和机制,裂纹起裂受Porosity-type defects控制,Porosity-type defects,Additive manufacturing of Ti–6Al–4V shows promise but requires further understanding of fatigue performance.; Defects such as porosity significantly affect fatigue crack initiation.; HIP treatment imp,缺乏裂纹起裂机制的定量判据和预测模型,AM Ti-6Al-4V的裂纹起裂机制在缺陷和组织特征之间存在竞争关系,B,Critical assessment of the fatigue performance of additively manufactured Ti–6Al–4V and perspective for future research
AM Ti-6Al-4V,defect,pore defect,文献中报告的孔隙尺寸和分布,"['Fatigue life', 'S–N curves']",孔隙缺陷在循环载荷下引发局部应力集中，促进裂纹在孔隙边缘萌生,Surface roughness significantly affects fatigue performance.; Keyhole porosity has a major impact on fatigue life.; Basquin’s law fits well with experimental S–N curves except for keyhole porosity.,缺乏孔隙特征(尺寸/位置/形态)与疲劳寿命的定量关系数据,AM Ti-6Al-4V的孔隙特征参量可定量预测疲劳寿命,B,Effects of Process Parameters and Process Defects on the Flexural Fatigue Life of Ti-6Al-4V Fabricated by Laser Powder Bed Fusion
AM Ti-6Al-4V,surface_state,surface roughness,as-built表面粗糙度Ra值,疲劳寿命Nf/疲劳强度,表面粗糙度造成局部应力集中，成为裂纹优先萌生位置,Surface roughness significantly affects fatigue performance.; Keyhole porosity has a major impact on fatigue life.; Basquin’s law fits well with experimental S–N curves except for keyhole porosity.,缺乏表面粗糙度特征(峰谷参数/应力集中系数)与疲劳寿命的定量模型,AM Ti-6Al-4V表面粗糙度的临界值下疲劳寿命无明显降低,B,Effects of Process Parameters and Process Defects on the Flexural Fatigue Life of Ti-6Al-4V Fabricated by Laser Powder Bed Fusion
AM Ti-6Al-4V,manufacturing_process,L-PBF (L-PBF),文献中描述的工艺参数,"['Fatigue life', 'S–N curves']",制备工艺参数影响微观组织和缺陷特征，进而影响疲劳性能,文献采用L-PBF (L-PBF)制备AM Ti-6Al-4V,缺乏L-PBF (L-PBF)工艺参数→组织→疲劳性能的完整定量链,优化L-PBF (L-PBF)工艺参数可降低缺陷密度提升AM Ti-6Al-4V疲劳性能,B,Effects of Process Parameters and Process Defects on the Flexural Fatigue Life of Ti-6Al-4V Fabricated by Laser Powder Bed Fusion
AM Ti-6Al-4V,model_parameter,['Basquin’s law'],文献中使用的模型参数,疲劳寿命预测/裂纹扩展速率预测,['Basquin’s law']用于建立变量与疲劳性能之间的定量关系,文献使用['Basquin’s law']分析AM Ti-6Al-4V疲劳数据,缺乏['Basquin’s law']在不同AM Ti-6Al-4V工艺条件下的泛化能力验证,融合物理机制的['Basquin’s law']可提升AM Ti-6Al-4V疲劳寿命预测精度,B,Effects of Process Parameters and Process Defects on the Flexural Fatigue Life of Ti-6Al-4V Fabricated by Laser Powder Bed Fusion
AM Ti-6Al-4V,surface_state,surface roughness,as-built表面粗糙度Ra值,疲劳寿命Nf/疲劳强度,表面粗糙度造成局部应力集中，成为裂纹优先萌生位置,"The fatigue behaviour for variable amplitude loading is not always consistent with constant amplitude loading.; The predicted and experimental fatigue life was overall consistent, although most experi",缺乏表面粗糙度特征(峰谷参数/应力集中系数)与疲劳寿命的定量模型,AM Ti-6Al-4V表面粗糙度的临界值下疲劳寿命无明显降低,B,"Fatigue behaviour of additive manufactured Ti6Al4V, with as-built surfaces, exposed to variable amplitude loading"
AM Ti-6Al-4V,manufacturing_process,Laser Sintering,文献中描述的工艺参数,Fatigue life,制备工艺参数影响微观组织和缺陷特征，进而影响疲劳性能,文献采用Laser Sintering制备AM Ti-6Al-4V,缺乏Laser Sintering工艺参数→组织→疲劳性能的完整定量链,优化Laser Sintering工艺参数可降低缺陷密度提升AM Ti-6Al-4V疲劳性能,B,"Fatigue behaviour of additive manufactured Ti6Al4V, with as-built surfaces, exposed to variable amplitude loading"
AM Ti-6Al-4V,heat_treatment,Stress relieving + Hot Isostatic Pressing,Stress relieving + Hot Isostatic Pressing,Fatigue life,热处理(Stress relieving + Hot Isostatic Pressing)改变α/β相比例和片层厚度，影响裂纹扩展路径,"The fatigue behaviour for variable amplitude loading is not always consistent with constant amplitude loading.; The predicted and experimental fatigue life was overall consistent, although most experi",缺乏AM Ti-6Al-4V不同热处理制度的疲劳性能系统对比数据,优化AM Ti-6Al-4V热处理制度可提升疲劳裂纹扩展抗力,B,"Fatigue behaviour of additive manufactured Ti6Al4V, with as-built surfaces, exposed to variable amplitude loading"
AM Ti-6Al-4V,loading_condition,variable amplitude loading,文献中使用的载荷参数,variable amplitude下的Fatigue life,variable amplitude条件下裂纹萌生与扩展机制,文献研究AM Ti-6Al-4V的variable amplitude行为,缺乏AM Ti-6Al-4V在variable amplitude下的多因素耦合研究,AM Ti-6Al-4V在variable amplitude条件下的寿命预测模型需考虑缺陷-组织耦合效应,B,"Fatigue behaviour of additive manufactured Ti6Al4V, with as-built surfaces, exposed to variable amplitude loading"
AM Ti-6Al-4V,model_parameter,Palmgren-Miner’s rule,文献中使用的模型参数,疲劳寿命预测/裂纹扩展速率预测,Palmgren-Miner’s rule用于建立变量与疲劳性能之间的定量关系,文献使用Palmgren-Miner’s rule分析AM Ti-6Al-4V疲劳数据,缺乏Palmgren-Miner’s rule在不同AM Ti-6Al-4V工艺条件下的泛化能力验证,融合物理机制的Palmgren-Miner’s rule可提升AM Ti-6Al-4V疲劳寿命预测精度,B,"Fatigue behaviour of additive manufactured Ti6Al4V, with as-built surfaces, exposed to variable amplitude loading"
AM Ti-6Al-4V,temperature_environment,Room temperature,Room temperature,Room temperature下Fatigue life,Room temperature环境影响裂纹萌生与扩展机制,The fatigue behaviour for variable amplitude loading of Ti6Al4V with rough as-built surfaces was investigated using the Short-FALSTAFF load sequence.; The predicted and experimental fatigue life were ,缺乏AM Ti-6Al-4V在Room temperature下疲劳性能的系统数据,AM Ti-6Al-4V在Room temperature下的疲劳机制与室温不同需单独研究,B,"Fatigue behaviour of additive manufactured Ti6Al4V, with as-built surfaces, exposed to variable amplitude loading"
AM Ti-6Al-4V,defect,pore defect,文献中报告的孔隙尺寸和分布,FCGRs,孔隙缺陷在循环载荷下引发局部应力集中，促进裂纹在孔隙边缘萌生,LENS fabricated Ti-6Al-4V exhibits comparable mechanical properties to conventional materials.; Heat treatment can eliminate porosity and improve fatigue strength.; Microstructurally-small cracks are ,缺乏孔隙特征(尺寸/位置/形态)与疲劳寿命的定量关系数据,AM Ti-6Al-4V的孔隙特征参量可定量预测疲劳寿命,B,Fatigue crack growth behavior and microstructural mechanisms in Ti-6Al-4V manufactured by laser engineered net shaping
AM Ti-6Al-4V,manufacturing_process,DED (DED),文献中描述的工艺参数,FCGRs,Influence of microstructure on crack growth,文献采用DED (DED)制备AM Ti-6Al-4V,缺乏DED (DED)工艺参数→组织→疲劳性能的完整定量链,优化DED (DED)工艺参数可降低缺陷密度提升AM Ti-6Al-4V疲劳性能,B,Fatigue crack growth behavior and microstructural mechanisms in Ti-6Al-4V manufactured by laser engineered net shaping
AM Ti-6Al-4V,heat_treatment,Post-LENS heat treatment,Post-LENS heat treatment,FCGRs,热处理(Post-LENS heat treatment)改变α/β相比例和片层厚度，影响裂纹扩展路径,LENS fabricated Ti-6Al-4V exhibits comparable mechanical properties to conventional materials.; Heat treatment can eliminate porosity and improve fatigue strength.; Microstructurally-small cracks are ,缺乏AM Ti-6Al-4V不同热处理制度的疲劳性能系统对比数据,优化AM Ti-6Al-4V热处理制度可提升疲劳裂纹扩展抗力,B,Fatigue crack growth behavior and microstructural mechanisms in Ti-6Al-4V manufactured by laser engineered net shaping
AM Ti-6Al-4V,loading_condition,FCGR loading,文献中使用的载荷参数,FCGR下的FCGRs,FCGR条件下Influence of microstructure on crack growth,文献研究AM Ti-6Al-4V的FCGR行为,缺乏AM Ti-6Al-4V在FCGR下的多因素耦合研究,AM Ti-6Al-4V在FCGR条件下的寿命预测模型需考虑缺陷-组织耦合效应,B,Fatigue crack growth behavior and microstructural mechanisms in Ti-6Al-4V manufactured by laser engineered net shaping
AM Ti-6Al-4V,microstructure,"lamellar α+β, grain size",文献中报告的组织特征参数,"FCGRs受lamellar α+β, grain size影响","lamellar α+β, grain size影响裂纹萌生位置和扩展路径，决定疲劳抗力",LENS fabricated Ti-6Al-4V exhibits comparable mechanical properties to conventional materials.; Heat treatment can eliminate porosity and improve fatigue strength.; Microstructurally-small cracks are ,"缺乏AM Ti-6Al-4V中lamellar α+β, grain size与FCGR的定量关系","调控AM Ti-6Al-4V的lamellar α+β, grain size可优化疲劳裂纹扩展抗力",B,Fatigue crack growth behavior and microstructural mechanisms in Ti-6Al-4V manufactured by laser engineered net shaping
AM Ti-6Al-4V,temperature_environment,Room temperature,Room temperature,Room temperature下FCGRs,Room temperature环境影响Influence of microstructure on crack growth,LENS fabricated Ti-6Al-4V exhibits comparable mechanical properties to conventional materials.; Heat treatment can eliminate porosity and improve fatigue strength.; Microstructurally-small cracks are ,缺乏AM Ti-6Al-4V在Room temperature下疲劳性能的系统数据,AM Ti-6Al-4V在Room temperature下的疲劳机制与室温不同需单独研究,B,Fatigue crack growth behavior and microstructural mechanisms in Ti-6Al-4V manufactured by laser engineered net shaping
AM Ti-6Al-4V,model_parameter,Linear elastic fracture mechanics (LEFM),文献中使用的模型参数,疲劳寿命预测/裂纹扩展速率预测,Linear elastic fracture mechanics (LEFM)用于建立变量与疲劳性能之间的定量关系,文献使用Linear elastic fracture mechanics (LEFM)分析AM Ti-6Al-4V疲劳数据,缺乏Linear elastic fracture mechanics (LEFM)在不同AM Ti-6Al-4V工艺条件下的泛化能力验证,融合物理机制的Linear elastic fracture mechanics (LEFM)可提升AM Ti-6Al-4V疲劳寿命预测精度,B,Fatigue crack growth behavior and microstructural mechanisms in Ti-6Al-4V manufactured by laser engineered net shaping
AM Ti-6Al-4V,testing_method,Porosity and lack-of-fusion defects,文献中观察到的起裂位置和机制,裂纹起裂受Porosity and lack-of-fusion defects控制,Porosity and lack-of-fusion defects,LENS fabricated Ti-6Al-4V exhibits comparable mechanical properties to conventional materials.; Heat treatment can eliminate porosity and improve fatigue strength.; Microstructurally-small cracks are ,缺乏裂纹起裂机制的定量判据和预测模型,AM Ti-6Al-4V的裂纹起裂机制在缺陷和组织特征之间存在竞争关系,B,Fatigue crack growth behavior and microstructural mechanisms in Ti-6Al-4V manufactured by laser engineered net shaping
AM Ti-6Al-4V,manufacturing_process,L-PBF增材制造,文献中描述的工艺参数,疲劳FCGR(FCGRs),Paris区稳态扩展,文献采用L-PBF增材制造制备AM Ti-6Al-4V,缺乏L-PBF增材制造工艺参数→组织→疲劳性能的完整定量链,优化L-PBF增材制造工艺参数可降低缺陷密度提升AM Ti-6Al-4V疲劳性能,B,Fatigue crack growth behavior of laser powder bed fusion additive manufactured Ti-6Al-4V: Roles of post heat treatment and build orientation
AM Ti-6Al-4V,heat_treatment,"hot isostatic pressing 820 °C, 950 °C; annealing 1020 °C","hot isostatic pressing 820 °C, 950 °C; annealing 1020 °C",疲劳FCGR(FCGRs),"热处理(hot isostatic pressing 820 °C, 950 °C; annealing 1)改变α/β相比例和片层厚度，影响裂纹扩展路径",Coarser α′/α lath thicknesses resulted in slower FCGRs and higher fatigue thresholds.; Texture and build orientation had little influence on fatigue properties.; Fatigue thresholds were defined by the,缺乏AM Ti-6Al-4V不同热处理制度的疲劳性能系统对比数据,优化AM Ti-6Al-4V热处理制度可提升疲劳裂纹扩展抗力,B,Fatigue crack growth behavior of laser powder bed fusion additive manufactured Ti-6Al-4V: Roles of post heat treatment and build orientation
AM Ti-6Al-4V,loading_condition,FCGR loading,文献中使用的载荷参数,FCGR下的疲劳FCGR(FCGRs),FCGR条件下Paris区稳态扩展,文献研究AM Ti-6Al-4V的FCGR行为,缺乏AM Ti-6Al-4V在FCGR下的多因素耦合研究,AM Ti-6Al-4V在FCGR条件下的寿命预测模型需考虑缺陷-组织耦合效应,B,Fatigue crack growth behavior of laser powder bed fusion additive manufactured Ti-6Al-4V: Roles of post heat treatment and build orientation
AM Ti-6Al-4V,microstructure,α′ martensite,文献中报告的组织特征参数,疲劳FCGR(FCGRs)受α′ martensite影响,α′ martensite影响裂纹萌生位置和扩展路径，决定疲劳抗力,Coarser α′/α lath thicknesses resulted in slower FCGRs and higher fatigue thresholds.; Texture and build orientation had little influence on fatigue properties.; Fatigue thresholds were defined by the,缺乏AM Ti-6Al-4V中α′ martensite与FCGR的定量关系,调控AM Ti-6Al-4V的α′ martensite可优化疲劳裂纹扩展抗力,B,Fatigue crack growth behavior of laser powder bed fusion additive manufactured Ti-6Al-4V: Roles of post heat treatment and build orientation
AM Ti-6Al-4V,model_parameter,Paris公式,文献中使用的模型参数,疲劳寿命预测/裂纹扩展速率预测,Paris公式用于建立变量与疲劳性能之间的定量关系,文献使用Paris公式分析AM Ti-6Al-4V疲劳数据,缺乏Paris公式在不同AM Ti-6Al-4V工艺条件下的泛化能力验证,融合物理机制的Paris公式可提升AM Ti-6Al-4V疲劳寿命预测精度,B,Fatigue crack growth behavior of laser powder bed fusion additive manufactured Ti-6Al-4V: Roles of post heat treatment and build orientation
AM Ti-6Al-4V,defect,pore defect,文献中报告的孔隙尺寸和分布,da/dN,孔隙缺陷在循环载荷下引发局部应力集中，促进裂纹在孔隙边缘萌生,R值显著影响疲劳裂纹扩展行为。; 垂直缺口方向的试样表现出最高的阈值应力强度因子范围。; 裂纹路径的曲折性由先前β晶粒和α板条的晶体学取向驱动。,缺乏孔隙特征(尺寸/位置/形态)与疲劳寿命的定量关系数据,AM Ti-6Al-4V的孔隙特征参量可定量预测疲劳寿命,B,"Fatigue crack growth in L-PBF Ti-6Al-4V: Influence of notch orientation, stress ratio, and volumetric defects"
AM Ti-6Al-4V,manufacturing_process,L-PBF增材制造,文献中描述的工艺参数,da/dN,裂纹闭合效应,文献采用L-PBF增材制造制备AM Ti-6Al-4V,缺乏L-PBF增材制造工艺参数→组织→疲劳性能的完整定量链,优化L-PBF增材制造工艺参数可降低缺陷密度提升AM Ti-6Al-4V疲劳性能,B,"Fatigue crack growth in L-PBF Ti-6Al-4V: Influence of notch orientation, stress ratio, and volumetric defects"
AM Ti-6Al-4V,loading_condition,FCGR loading,文献中使用的载荷参数,FCGR下的da/dN,FCGR条件下裂纹闭合效应,文献研究AM Ti-6Al-4V的FCGR行为,缺乏AM Ti-6Al-4V在FCGR下的多因素耦合研究,AM Ti-6Al-4V在FCGR条件下的寿命预测模型需考虑缺陷-组织耦合效应,B,"Fatigue crack growth in L-PBF Ti-6Al-4V: Influence of notch orientation, stress ratio, and volumetric defects"
AM Ti-6Al-4V,manufacturing_process,L-PBF (L-PBF),文献中描述的工艺参数,"['fatigue life', 'fatigue crack growth resistance']",制备工艺参数影响微观组织和缺陷特征，进而影响疲劳性能,文献采用L-PBF (L-PBF)制备AM Ti-6Al-4V,缺乏L-PBF (L-PBF)工艺参数→组织→疲劳性能的完整定量链,优化L-PBF (L-PBF)工艺参数可降低缺陷密度提升AM Ti-6Al-4V疲劳性能,B,Fatigue Crack Initiation and Growth Behaviors of Additively Manufactured Ti-6AI-4V Alloy After Hot Isostatic Pressing Post-Process
AM Ti-6Al-4V,heat_treatment,"annealing at 800°C for 2 h, HIP treatment at 920°C/150 MPa/3 h","annealing at 800°C for 2 h, HIP treatment at 920°C/150 MPa/3 h","['fatigue life', 'fatigue crack growth resistance']","热处理(annealing at 800°C for 2 h, HIP treatment at 920°C)改变α/β相比例和片层厚度，影响裂纹扩展路径",The fatigue lives and fatigue crack growth resistances of most SLM+HIP-processed specimens are much higher than those of traditional wrought material.; The current SLM+HIP-processed Ti-6Al-4V alloy st,缺乏AM Ti-6Al-4V不同热处理制度的疲劳性能系统对比数据,优化AM Ti-6Al-4V热处理制度可提升疲劳裂纹扩展抗力,B,Fatigue Crack Initiation and Growth Behaviors of Additively Manufactured Ti-6AI-4V Alloy After Hot Isostatic Pressing Post-Process
AM Ti-6Al-4V,loading_condition,HCF loading,文献中使用的载荷参数,"HCF下的['fatigue life', 'fatigue crack growth resistance']",HCF条件下裂纹萌生与扩展机制,文献研究AM Ti-6Al-4V的HCF行为,缺乏AM Ti-6Al-4V在HCF下的多因素耦合研究,AM Ti-6Al-4V在HCF条件下的寿命预测模型需考虑缺陷-组织耦合效应,B,Fatigue Crack Initiation and Growth Behaviors of Additively Manufactured Ti-6AI-4V Alloy After Hot Isostatic Pressing Post-Process
AM Ti-6Al-4V,temperature_environment,room temperature,room temperature,"room temperature下['fatigue life', 'fatigue crack growth resistance']",room temperature环境影响裂纹萌生与扩展机制,The fatigue lives and fatigue crack growth resistances of most SLM+HIP-processed specimens are much higher than those of traditional wrought material.; The current SLM+HIP-processed Ti-6Al-4V alloy st,缺乏AM Ti-6Al-4V在room temperature下疲劳性能的系统数据,AM Ti-6Al-4V在room temperature下的疲劳机制与室温不同需单独研究,B,Fatigue Crack Initiation and Growth Behaviors of Additively Manufactured Ti-6AI-4V Alloy After Hot Isostatic Pressing Post-Process
AM Ti-6Al-4V,defect,pore defect,文献中报告的孔隙尺寸和分布,"['Fatigue strength', 'Fatigue life']",孔隙缺陷在循环载荷下引发局部应力集中，促进裂纹在孔隙边缘萌生,Surface roughness and geometry effects significantly reduce fatigue performance; Crack initiation occurs from internal surfaces due to defects; The Smith-Watson-Topper parameter is effective for fatig,缺乏孔隙特征(尺寸/位置/形态)与疲劳寿命的定量关系数据,AM Ti-6Al-4V的孔隙特征参量可定量预测疲劳寿命,B,Fatigue Failure from Inner Surfaces of Additive Manufactured Ti-6Al-4V Components
AM Ti-6Al-4V,surface_state,surface roughness,as-built表面粗糙度Ra值,疲劳寿命Nf/疲劳强度,表面粗糙度造成局部应力集中，成为裂纹优先萌生位置,Surface roughness and geometry effects significantly reduce fatigue performance; Crack initiation occurs from internal surfaces due to defects; The Smith-Watson-Topper parameter is effective for fatig,缺乏表面粗糙度特征(峰谷参数/应力集中系数)与疲劳寿命的定量模型,AM Ti-6Al-4V表面粗糙度的临界值下疲劳寿命无明显降低,B,Fatigue Failure from Inner Surfaces of Additive Manufactured Ti-6Al-4V Components
AM Ti-6Al-4V,manufacturing_process,L-PBF (L-PBF),文献中描述的工艺参数,"['Fatigue strength', 'Fatigue life']",Surface stress concentration,文献采用L-PBF (L-PBF)制备AM Ti-6Al-4V,缺乏L-PBF (L-PBF)工艺参数→组织→疲劳性能的完整定量链,优化L-PBF (L-PBF)工艺参数可降低缺陷密度提升AM Ti-6Al-4V疲劳性能,B,Fatigue Failure from Inner Surfaces of Additive Manufactured Ti-6Al-4V Components
AM Ti-6Al-4V,heat_treatment,670°C for 5 h,670°C for 5 h,"['Fatigue strength', 'Fatigue life']",热处理(670°C for 5 h)改变α/β相比例和片层厚度，影响裂纹扩展路径,Surface roughness and geometry effects significantly reduce fatigue performance; Crack initiation occurs from internal surfaces due to defects; The Smith-Watson-Topper parameter is effective for fatig,缺乏AM Ti-6Al-4V不同热处理制度的疲劳性能系统对比数据,优化AM Ti-6Al-4V热处理制度可提升疲劳裂纹扩展抗力,B,Fatigue Failure from Inner Surfaces of Additive Manufactured Ti-6Al-4V Components
AM Ti-6Al-4V,loading_condition,LCF loading,文献中使用的载荷参数,"LCF下的['Fatigue strength', 'Fatigue life']",LCF条件下Surface stress concentration,文献研究AM Ti-6Al-4V的LCF行为,缺乏AM Ti-6Al-4V在LCF下的多因素耦合研究,AM Ti-6Al-4V在LCF条件下的寿命预测模型需考虑缺陷-组织耦合效应,B,Fatigue Failure from Inner Surfaces of Additive Manufactured Ti-6Al-4V Components
AM Ti-6Al-4V,microstructure,α′ martensite,文献中报告的组织特征参数,"['Fatigue strength', 'Fatigue life']受α′ martensite影响",α′ martensite影响裂纹萌生位置和扩展路径，决定疲劳抗力,Surface roughness and geometry effects significantly reduce fatigue performance; Crack initiation occurs from internal surfaces due to defects; The Smith-Watson-Topper parameter is effective for fatig,缺乏AM Ti-6Al-4V中α′ martensite与FCGR的定量关系,调控AM Ti-6Al-4V的α′ martensite可优化疲劳裂纹扩展抗力,B,Fatigue Failure from Inner Surfaces of Additive Manufactured Ti-6Al-4V Components
AM Ti-6Al-4V,temperature_environment,Room temperature,Room temperature,"Room temperature下['Fatigue strength', 'Fatigue life']",Room temperature环境影响Surface stress concentration,Surface roughness and geometry effects significantly reduce fatigue performance; Crack initiation occurs from internal surfaces due to defects; The Smith-Watson-Topper parameter is effective for fatig,缺乏AM Ti-6Al-4V在Room temperature下疲劳性能的系统数据,AM Ti-6Al-4V在Room temperature下的疲劳机制与室温不同需单独研究,B,Fatigue Failure from Inner Surfaces of Additive Manufactured Ti-6Al-4V Components
AM Ti-6Al-4V,model_parameter,Smith-Watson-Topper energy-based parameter,文献中使用的模型参数,疲劳寿命预测/裂纹扩展速率预测,Smith-Watson-Topper energy-based parameter用于建立变量与疲劳性能之间的定量关系,文献使用Smith-Watson-Topper energy-based parameter分析AM Ti-6Al-4V疲劳数据,缺乏Smith-Watson-Topper energy-based parameter在不同AM Ti-6Al-4V工艺条件下的泛化能力验证,融合物理机制的Smith-Watson-Topper energy-based parameter可提升AM Ti-6Al-4V疲劳寿命预测精度,B,Fatigue Failure from Inner Surfaces of Additive Manufactured Ti-6Al-4V Components
AM Ti-6Al-4V,testing_method,Defects such as unfused particles and lack of fusion zones,文献中观察到的起裂位置和机制,裂纹起裂受Defects such as unfused particles and lack of fusi控制,Defects such as unfused particles and lack of fusion zones,Surface roughness and geometry effects significantly reduce fatigue performance; Crack initiation occurs from internal surfaces due to defects; The Smith-Watson-Topper parameter is effective for fatig,缺乏裂纹起裂机制的定量判据和预测模型,AM Ti-6Al-4V的裂纹起裂机制在缺陷和组织特征之间存在竞争关系,B,Fatigue Failure from Inner Surfaces of Additive Manufactured Ti-6Al-4V Components
AM Ti-6Al-4V,defect,pore defect,文献中报告的孔隙尺寸和分布,Fatigue life,孔隙缺陷在循环载荷下引发局部应力集中，促进裂纹在孔隙边缘萌生,Fatigue properties of as-built EBM and stress relieved SLM specimens in the HCF and VHCF regimes are very similar.; Defect types and defect sizes of similar nature were observed in both conditions.; T,缺乏孔隙特征(尺寸/位置/形态)与疲劳寿命的定量关系数据,AM Ti-6Al-4V的孔隙特征参量可定量预测疲劳寿命,B,Fatigue life of additively manufactured Ti–6Al–4V in the very high cycle fatigue regime
AM Ti-6Al-4V,manufacturing_process,"L-PBF, Selective EBM",文献中描述的工艺参数,Fatigue life,制备工艺参数影响微观组织和缺陷特征，进而影响疲劳性能,"文献采用L-PBF, Selective EBM制备AM Ti-6Al-4V","缺乏L-PBF, Selective EBM工艺参数→组织→疲劳性能的完整定量链","优化L-PBF, Selective EBM工艺参数可降低缺陷密度提升AM Ti-6Al-4V疲劳性能",B,Fatigue life of additively manufactured Ti–6Al–4V in the very high cycle fatigue regime
AM Ti-6Al-4V,heat_treatment,"800°C heat treatment, Hot isostatic pressing","800°C heat treatment, Hot isostatic pressing",Fatigue life,"热处理(800°C heat treatment, Hot isostatic pressing)改变α/β相比例和片层厚度，影响裂纹扩展路径",Fatigue properties of as-built EBM and stress relieved SLM specimens in the HCF and VHCF regimes are very similar.; Defect types and defect sizes of similar nature were observed in both conditions.; T,缺乏AM Ti-6Al-4V不同热处理制度的疲劳性能系统对比数据,优化AM Ti-6Al-4V热处理制度可提升疲劳裂纹扩展抗力,B,Fatigue life of additively manufactured Ti–6Al–4V in the very high cycle fatigue regime
AM Ti-6Al-4V,loading_condition,HCF loading,文献中使用的载荷参数,HCF下的Fatigue life,HCF条件下裂纹萌生与扩展机制,文献研究AM Ti-6Al-4V的HCF行为,缺乏AM Ti-6Al-4V在HCF下的多因素耦合研究,AM Ti-6Al-4V在HCF条件下的寿命预测模型需考虑缺陷-组织耦合效应,B,Fatigue life of additively manufactured Ti–6Al–4V in the very high cycle fatigue regime
AM Ti-6Al-4V,loading_condition,VHCF loading,文献中使用的载荷参数,VHCF下的Fatigue life,VHCF条件下裂纹萌生与扩展机制,文献研究AM Ti-6Al-4V的VHCF行为,缺乏AM Ti-6Al-4V在VHCF下的多因素耦合研究,AM Ti-6Al-4V在VHCF条件下的寿命预测模型需考虑缺陷-组织耦合效应,B,Fatigue life of additively manufactured Ti–6Al–4V in the very high cycle fatigue regime
AM Ti-6Al-4V,manufacturing_process,Laser additive manufacturing,文献中描述的工艺参数,"fatigue life Nf, tensile strength, ultimate strength, elongation at break","no conventional fatigue limit, constant increase in fatigue life with decreasing loads",文献采用Laser additive manufacturing制备AM Ti-6Al-4V,缺乏Laser additive manufacturing工艺参数→组织→疲劳性能的完整定量链,优化Laser additive manufacturing工艺参数可降低缺陷密度提升AM Ti-6Al-4V疲劳性能,B,Fatigue Performance of laser additive manufactured Ti–6Al–4V in Very high cycle Fatigue regime up to 109 cycles
AM Ti-6Al-4V,heat_treatment,"stress relief at 650°C for 3 h in vacuum, hot-isostatic-pressing at 920°C and 10","stress relief at 650°C for 3 h in vacuum, hot-isostatic-pressing at 920°C and 10","fatigue life Nf, tensile strength, ultimate strength, elongation at break","热处理(stress relief at 650°C for 3 h in vacuum, hot-isos)改变α/β相比例和片层厚度，影响裂纹扩展路径",Laser additive manufactured Ti–6Al–4V shows fatigue properties comparable to conventionally manufactured materials.; Hot-isostatic-pressed specimens exhibit particularly good fatigue performance.; No ,缺乏AM Ti-6Al-4V不同热处理制度的疲劳性能系统对比数据,优化AM Ti-6Al-4V热处理制度可提升疲劳裂纹扩展抗力,B,Fatigue Performance of laser additive manufactured Ti–6Al–4V in Very high cycle Fatigue regime up to 109 cycles
AM Ti-6Al-4V,loading_condition,LCF loading,文献中使用的载荷参数,"LCF下的fatigue life Nf, tensile strength, ultimate strength, elongation at break","LCF条件下no conventional fatigue limit, constant increase in fatigue life with decreasing loads",文献研究AM Ti-6Al-4V的LCF行为,缺乏AM Ti-6Al-4V在LCF下的多因素耦合研究,AM Ti-6Al-4V在LCF条件下的寿命预测模型需考虑缺陷-组织耦合效应,B,Fatigue Performance of laser additive manufactured Ti–6Al–4V in Very high cycle Fatigue regime up to 109 cycles
AM Ti-6Al-4V,loading_condition,HCF loading,文献中使用的载荷参数,"HCF下的fatigue life Nf, tensile strength, ultimate strength, elongation at break","HCF条件下no conventional fatigue limit, constant increase in fatigue life with decreasing loads",文献研究AM Ti-6Al-4V的HCF行为,缺乏AM Ti-6Al-4V在HCF下的多因素耦合研究,AM Ti-6Al-4V在HCF条件下的寿命预测模型需考虑缺陷-组织耦合效应,B,Fatigue Performance of laser additive manufactured Ti–6Al–4V in Very high cycle Fatigue regime up to 109 cycles
AM Ti-6Al-4V,loading_condition,VHCF loading,文献中使用的载荷参数,"VHCF下的fatigue life Nf, tensile strength, ultimate strength, elongation at break","VHCF条件下no conventional fatigue limit, constant increase in fatigue life with decreasing loads",文献研究AM Ti-6Al-4V的VHCF行为,缺乏AM Ti-6Al-4V在VHCF下的多因素耦合研究,AM Ti-6Al-4V在VHCF条件下的寿命预测模型需考虑缺陷-组织耦合效应,B,Fatigue Performance of laser additive manufactured Ti–6Al–4V in Very high cycle Fatigue regime up to 109 cycles
AM Ti-6Al-4V,microstructure,"α′ martensite, lamellar α+β",文献中报告的组织特征参数,"fatigue life Nf, tensile strength, ultimate strength, elongation at break受α′ martensite, lamellar α+β影响","α′ martensite, lamellar α+β影响裂纹萌生位置和扩展路径，决定疲劳抗力",Laser additive manufactured Ti–6Al–4V shows fatigue properties comparable to conventionally manufactured materials.; Hot-isostatic-pressed specimens exhibit particularly good fatigue performance.; No ,"缺乏AM Ti-6Al-4V中α′ martensite, lamellar α+β与FCGR的定量关系","调控AM Ti-6Al-4V的α′ martensite, lamellar α+β可优化疲劳裂纹扩展抗力",B,Fatigue Performance of laser additive manufactured Ti–6Al–4V in Very high cycle Fatigue regime up to 109 cycles
AM Ti-6Al-4V,temperature_environment,room temperature,room temperature,"room temperature下fatigue life Nf, tensile strength, ultimate strength, elongation at break","room temperature环境影响no conventional fatigue limit, constant increase in fatigue life with decreasing loads",Laser additive manufactured Ti–6Al–4V shows fatigue properties comparable to conventionally manufactured materials.; Hot-isostatic-pressed specimens exhibit particularly good fatigue performance.; No ,缺乏AM Ti-6Al-4V在room temperature下疲劳性能的系统数据,AM Ti-6Al-4V在room temperature下的疲劳机制与室温不同需单独研究,B,Fatigue Performance of laser additive manufactured Ti–6Al–4V in Very high cycle Fatigue regime up to 109 cycles
AM Ti-6Al-4V,testing_method,surface and internal initiation,文献中观察到的起裂位置和机制,裂纹起裂受surface and internal initiation控制,surface and internal initiation,Laser additive manufactured Ti–6Al–4V shows fatigue properties comparable to conventionally manufactured materials.; Hot-isostatic-pressed specimens exhibit particularly good fatigue performance.; No ,缺乏裂纹起裂机制的定量判据和预测模型,AM Ti-6Al-4V的裂纹起裂机制在缺陷和组织特征之间存在竞争关系,B,Fatigue Performance of laser additive manufactured Ti–6Al–4V in Very high cycle Fatigue regime up to 109 cycles
AM Ti-6Al-4V,defect,pore defect,文献中报告的孔隙尺寸和分布,"['ΔKth', '疲劳寿命Nf']",孔隙缺陷在循环载荷下引发局部应力集中，促进裂纹在孔隙边缘萌生,热处理提高了ΔKth值，归因于β相含量和α板条厚度的增加。; 通过μ-CT和EBSD-KAM分析揭示了微结构对疲劳性能的影响。; 热处理后位错密度增加，影响了疲劳裂纹扩展行为。,缺乏孔隙特征(尺寸/位置/形态)与疲劳寿命的定量关系数据,AM Ti-6Al-4V的孔隙特征参量可定量预测疲劳寿命,B,Fatigue prediction through quantification of critical defects and crack growth behaviour in additively manufactured Ti-6Al-4V alloy
AM Ti-6Al-4V,manufacturing_process,L-PBF增材制造,文献中描述的工艺参数,"['ΔKth', '疲劳寿命Nf']",裂纹闭合效应,文献采用L-PBF增材制造制备AM Ti-6Al-4V,缺乏L-PBF增材制造工艺参数→组织→疲劳性能的完整定量链,优化L-PBF增材制造工艺参数可降低缺陷密度提升AM Ti-6Al-4V疲劳性能,B,Fatigue prediction through quantification of critical defects and crack growth behaviour in additively manufactured Ti-6Al-4V alloy
AM Ti-6Al-4V,loading_condition,FCGR loading,文献中使用的载荷参数,"FCGR下的['ΔKth', '疲劳寿命Nf']",FCGR条件下裂纹闭合效应,文献研究AM Ti-6Al-4V的FCGR行为,缺乏AM Ti-6Al-4V在FCGR下的多因素耦合研究,AM Ti-6Al-4V在FCGR条件下的寿命预测模型需考虑缺陷-组织耦合效应,B,Fatigue prediction through quantification of critical defects and crack growth behaviour in additively manufactured Ti-6Al-4V alloy
AM Ti-6Al-4V,microstructure,α′ martensite,文献中报告的组织特征参数,"['ΔKth', '疲劳寿命Nf']受α′ martensite影响",α′ martensite影响裂纹萌生位置和扩展路径，决定疲劳抗力,热处理提高了ΔKth值，归因于β相含量和α板条厚度的增加。; 通过μ-CT和EBSD-KAM分析揭示了微结构对疲劳性能的影响。; 热处理后位错密度增加，影响了疲劳裂纹扩展行为。,缺乏AM Ti-6Al-4V中α′ martensite与FCGR的定量关系,调控AM Ti-6Al-4V的α′ martensite可优化疲劳裂纹扩展抗力,B,Fatigue prediction through quantification of critical defects and crack growth behaviour in additively manufactured Ti-6Al-4V alloy
AM Ti-6Al-4V,model_parameter,NASGRO,文献中使用的模型参数,疲劳寿命预测/裂纹扩展速率预测,NASGRO用于建立变量与疲劳性能之间的定量关系,文献使用NASGRO分析AM Ti-6Al-4V疲劳数据,缺乏NASGRO在不同AM Ti-6Al-4V工艺条件下的泛化能力验证,融合物理机制的NASGRO可提升AM Ti-6Al-4V疲劳寿命预测精度,B,Fatigue prediction through quantification of critical defects and crack growth behaviour in additively manufactured Ti-6Al-4V alloy
AM Ti-6Al-4V,defect,pore defect,文献中报告的孔隙尺寸和分布,疲劳寿命/疲劳强度,孔隙缺陷在循环载荷下引发局部应力集中，促进裂纹在孔隙边缘萌生,Internal defects in L-PBF Ti-6Al-4V act as initiation sites for fatigue cracks.; Intrinsic defects significantly impact the fatigue life of L-PBF Ti-6Al-4V components.; Post-processing treatments such,缺乏孔隙特征(尺寸/位置/形态)与疲劳寿命的定量关系数据,AM Ti-6Al-4V的孔隙特征参量可定量预测疲劳寿命,B,High-Cycle Fatigue Performance of Laser Powder Bed Fusion Ti-6Al-4V Alloy with Inherent Internal Defects: A Critical Literature Review
AM Ti-6Al-4V,manufacturing_process,L-PBF,文献中描述的工艺参数,Internal defects in L-PBF Ti-6Al-4V act as initiation sites for fatigue cracks.; Intrinsic defects significantly impact the fatigue life of L-PBF Ti-6Al-4V components.; Post-processing treatments such,制备工艺参数影响微观组织和缺陷特征，进而影响疲劳性能,文献采用L-PBF制备AM Ti-6Al-4V,缺乏L-PBF工艺参数→组织→疲劳性能的完整定量链,优化L-PBF工艺参数可降低缺陷密度提升AM Ti-6Al-4V疲劳性能,B,High-Cycle Fatigue Performance of Laser Powder Bed Fusion Ti-6Al-4V Alloy with Inherent Internal Defects: A Critical Literature Review
AM Ti-6Al-4V,loading_condition,HCF loading,文献中使用的载荷参数,HCF下的疲劳行为,HCF条件下裂纹萌生与扩展机制,文献研究AM Ti-6Al-4V的HCF行为,缺乏AM Ti-6Al-4V在HCF下的多因素耦合研究,AM Ti-6Al-4V在HCF条件下的寿命预测模型需考虑缺陷-组织耦合效应,B,High-Cycle Fatigue Performance of Laser Powder Bed Fusion Ti-6Al-4V Alloy with Inherent Internal Defects: A Critical Literature Review
AM Ti-6Al-4V,manufacturing_process,L-PBF,文献中描述的工艺参数,fatigue life,制备工艺参数影响微观组织和缺陷特征，进而影响疲劳性能,文献采用L-PBF制备AM Ti-6Al-4V,缺乏L-PBF工艺参数→组织→疲劳性能的完整定量链,优化L-PBF工艺参数可降低缺陷密度提升AM Ti-6Al-4V疲劳性能,B,Hot Isostatic Pressing for Fatigue Critical Additively Manufactured Ti-6Al-4V
AM Ti-6Al-4V,defect,pore defect,文献中报告的孔隙尺寸和分布,"['Fatigue crack initiation sites', 'Crack growth rate']",孔隙缺陷在循环载荷下引发局部应力集中，促进裂纹在孔隙边缘萌生,Contour process parameters and build orientation significantly influence near-surface defects and fatigue crack initiation.; FEA-Net accurately predicts crack initiation sites based solely on pixel-fo,缺乏孔隙特征(尺寸/位置/形态)与疲劳寿命的定量关系数据,AM Ti-6Al-4V的孔隙特征参量可定量预测疲劳寿命,B,Image-based Study on Fatigue Crack Initiation Mechanism of Ti-6Al-4V Fabricated by Laser Powder Bed Fusion
AM Ti-6Al-4V,manufacturing_process,L-PBF (L-PBF),文献中描述的工艺参数,"['Fatigue crack initiation sites', 'Crack growth rate']",制备工艺参数影响微观组织和缺陷特征，进而影响疲劳性能,文献采用L-PBF (L-PBF)制备AM Ti-6Al-4V,缺乏L-PBF (L-PBF)工艺参数→组织→疲劳性能的完整定量链,优化L-PBF (L-PBF)工艺参数可降低缺陷密度提升AM Ti-6Al-4V疲劳性能,B,Image-based Study on Fatigue Crack Initiation Mechanism of Ti-6Al-4V Fabricated by Laser Powder Bed Fusion
AM Ti-6Al-4V,temperature_environment,Room temperature,Room temperature,"Room temperature下['Fatigue crack initiation sites', 'Crack growth rate']",Room temperature环境影响裂纹萌生与扩展机制,Contour process parameters and build orientation significantly influence near-surface defects and fatigue crack initiation.; FEA-Net accurately predicts crack initiation sites based solely on pixel-fo,缺乏AM Ti-6Al-4V在Room temperature下疲劳性能的系统数据,AM Ti-6Al-4V在Room temperature下的疲劳机制与室温不同需单独研究,B,Image-based Study on Fatigue Crack Initiation Mechanism of Ti-6Al-4V Fabricated by Laser Powder Bed Fusion
AM Ti-6Al-4V,model_parameter,FEA-Net,文献中使用的模型参数,疲劳寿命预测/裂纹扩展速率预测,FEA-Net用于建立变量与疲劳性能之间的定量关系,文献使用FEA-Net分析AM Ti-6Al-4V疲劳数据,缺乏FEA-Net在不同AM Ti-6Al-4V工艺条件下的泛化能力验证,融合物理机制的FEA-Net可提升AM Ti-6Al-4V疲劳寿命预测精度,B,Image-based Study on Fatigue Crack Initiation Mechanism of Ti-6Al-4V Fabricated by Laser Powder Bed Fusion
AM Ti-6Al-4V,testing_method,Near-surface pores or rough surface areas,文献中观察到的起裂位置和机制,裂纹起裂受Near-surface pores or rough surface areas控制,Near-surface pores or rough surface areas,Contour process parameters and build orientation significantly influence near-surface defects and fatigue crack initiation.; FEA-Net accurately predicts crack initiation sites based solely on pixel-fo,缺乏裂纹起裂机制的定量判据和预测模型,AM Ti-6Al-4V的裂纹起裂机制在缺陷和组织特征之间存在竞争关系,B,Image-based Study on Fatigue Crack Initiation Mechanism of Ti-6Al-4V Fabricated by Laser Powder Bed Fusion
AM Ti-6Al-4V,defect,pore defect,文献中报告的孔隙尺寸和分布,疲劳寿命Nf,孔隙缺陷在循环载荷下引发局部应力集中，促进裂纹在孔隙边缘萌生,表面粗糙度和孔隙特征对疲劳寿命有显著影响。; 通过改变扫描速度可以调节微孔结构。; 使用DONN模型可以准确预测疲劳寿命并估计预测不确定性。,缺乏孔隙特征(尺寸/位置/形态)与疲劳寿命的定量关系数据,AM Ti-6Al-4V的孔隙特征参量可定量预测疲劳寿命,B,Impact of surface and pore characteristics on fatigue life of laser powder bed fusion Ti–6Al–4V alloy described by neural network models
AM Ti-6Al-4V,surface_state,surface roughness,as-built表面粗糙度Ra值,疲劳寿命Nf/疲劳强度,表面粗糙度造成局部应力集中，成为裂纹优先萌生位置,表面粗糙度和孔隙特征对疲劳寿命有显著影响。; 通过改变扫描速度可以调节微孔结构。; 使用DONN模型可以准确预测疲劳寿命并估计预测不确定性。,缺乏表面粗糙度特征(峰谷参数/应力集中系数)与疲劳寿命的定量模型,AM Ti-6Al-4V表面粗糙度的临界值下疲劳寿命无明显降低,B,Impact of surface and pore characteristics on fatigue life of laser powder bed fusion Ti–6Al–4V alloy described by neural network models
AM Ti-6Al-4V,manufacturing_process,L-PBF增材制造,文献中描述的工艺参数,疲劳寿命Nf,制备工艺参数影响微观组织和缺陷特征，进而影响疲劳性能,文献采用L-PBF增材制造制备AM Ti-6Al-4V,缺乏L-PBF增材制造工艺参数→组织→疲劳性能的完整定量链,优化L-PBF增材制造工艺参数可降低缺陷密度提升AM Ti-6Al-4V疲劳性能,B,Impact of surface and pore characteristics on fatigue life of laser powder bed fusion Ti–6Al–4V alloy described by neural network models
AM Ti-6Al-4V,heat_treatment,650°C for 2 hours,650°C for 2 hours,疲劳寿命Nf,热处理(650°C for 2 hours)改变α/β相比例和片层厚度，影响裂纹扩展路径,表面粗糙度和孔隙特征对疲劳寿命有显著影响。; 通过改变扫描速度可以调节微孔结构。; 使用DONN模型可以准确预测疲劳寿命并估计预测不确定性。,缺乏AM Ti-6Al-4V不同热处理制度的疲劳性能系统对比数据,优化AM Ti-6Al-4V热处理制度可提升疲劳裂纹扩展抗力,B,Impact of surface and pore characteristics on fatigue life of laser powder bed fusion Ti–6Al–4V alloy described by neural network models
AM Ti-6Al-4V,model_parameter,Drop-out神经网络模型,文献中使用的模型参数,疲劳寿命预测/裂纹扩展速率预测,Drop-out神经网络模型用于建立变量与疲劳性能之间的定量关系,文献使用Drop-out神经网络模型分析AM Ti-6Al-4V疲劳数据,缺乏Drop-out神经网络模型在不同AM Ti-6Al-4V工艺条件下的泛化能力验证,融合物理机制的Drop-out神经网络模型可提升AM Ti-6Al-4V疲劳寿命预测精度,B,Impact of surface and pore characteristics on fatigue life of laser powder bed fusion Ti–6Al–4V alloy described by neural network models
AM Ti-6Al-4V,defect,pore defect,文献中报告的孔隙尺寸和分布,['Fatigue life'],孔隙缺陷在循环载荷下引发局部应力集中，促进裂纹在孔隙边缘萌生,Surface roughness and pore characteristics significantly affect the fatigue life of LPBF Ti-6Al-4V parts.; The DONN model demonstrates good prediction accuracy for fatigue life and can estimate predic,缺乏孔隙特征(尺寸/位置/形态)与疲劳寿命的定量关系数据,AM Ti-6Al-4V的孔隙特征参量可定量预测疲劳寿命,B,Impact of Surface and Pore Characteristics on Fatigue Life of Laser Powder Bed Fusion Ti-6Al-4V Alloy Described by Neural Network Models
AM Ti-6Al-4V,surface_state,surface roughness,as-built表面粗糙度Ra值,疲劳寿命Nf/疲劳强度,表面粗糙度造成局部应力集中，成为裂纹优先萌生位置,Surface roughness and pore characteristics significantly affect the fatigue life of LPBF Ti-6Al-4V parts.; The DONN model demonstrates good prediction accuracy for fatigue life and can estimate predic,缺乏表面粗糙度特征(峰谷参数/应力集中系数)与疲劳寿命的定量模型,AM Ti-6Al-4V表面粗糙度的临界值下疲劳寿命无明显降低,B,Impact of Surface and Pore Characteristics on Fatigue Life of Laser Powder Bed Fusion Ti-6Al-4V Alloy Described by Neural Network Models
AM Ti-6Al-4V,manufacturing_process,L-PBF,文献中描述的工艺参数,['Fatigue life'],制备工艺参数影响微观组织和缺陷特征，进而影响疲劳性能,文献采用L-PBF制备AM Ti-6Al-4V,缺乏L-PBF工艺参数→组织→疲劳性能的完整定量链,优化L-PBF工艺参数可降低缺陷密度提升AM Ti-6Al-4V疲劳性能,B,Impact of Surface and Pore Characteristics on Fatigue Life of Laser Powder Bed Fusion Ti-6Al-4V Alloy Described by Neural Network Models
AM Ti-6Al-4V,heat_treatment,650°C for 2 hours,650°C for 2 hours,['Fatigue life'],热处理(650°C for 2 hours)改变α/β相比例和片层厚度，影响裂纹扩展路径,Surface roughness and pore characteristics significantly affect the fatigue life of LPBF Ti-6Al-4V parts.; The DONN model demonstrates good prediction accuracy for fatigue life and can estimate predic,缺乏AM Ti-6Al-4V不同热处理制度的疲劳性能系统对比数据,优化AM Ti-6Al-4V热处理制度可提升疲劳裂纹扩展抗力,B,Impact of Surface and Pore Characteristics on Fatigue Life of Laser Powder Bed Fusion Ti-6Al-4V Alloy Described by Neural Network Models
AM Ti-6Al-4V,model_parameter,Drop-out neural network (DONN),文献中使用的模型参数,疲劳寿命预测/裂纹扩展速率预测,Drop-out neural network (DONN)用于建立变量与疲劳性能之间的定量关系,文献使用Drop-out neural network (DONN)分析AM Ti-6Al-4V疲劳数据,缺乏Drop-out neural network (DONN)在不同AM Ti-6Al-4V工艺条件下的泛化能力验证,融合物理机制的Drop-out neural network (DONN)可提升AM Ti-6Al-4V疲劳寿命预测精度,B,Impact of Surface and Pore Characteristics on Fatigue Life of Laser Powder Bed Fusion Ti-6Al-4V Alloy Described by Neural Network Models
Ti-6Al-4V,manufacturing_process,pre-torsion,文献中描述的工艺参数,"['S-N curve', 'fatigue strength']",制备工艺参数影响微观组织和缺陷特征，进而影响疲劳性能,文献采用pre-torsion制备Ti-6Al-4V,缺乏pre-torsion工艺参数→组织→疲劳性能的完整定量链,优化pre-torsion工艺参数可降低缺陷密度提升Ti-6Al-4V疲劳性能,B,Internal crack characteristics in very-high-cycle fatigue of a gradient structured titanium alloy
Ti-6Al-4V,loading_condition,HCF loading,文献中使用的载荷参数,"HCF下的['S-N curve', 'fatigue strength']",HCF条件下裂纹萌生与扩展机制,文献研究Ti-6Al-4V的HCF行为,缺乏Ti-6Al-4V在HCF下的多因素耦合研究,Ti-6Al-4V在HCF条件下的寿命预测模型需考虑缺陷-组织耦合效应,B,Internal crack characteristics in very-high-cycle fatigue of a gradient structured titanium alloy
Ti-6Al-4V,loading_condition,VHCF loading,文献中使用的载荷参数,"VHCF下的['S-N curve', 'fatigue strength']",VHCF条件下裂纹萌生与扩展机制,文献研究Ti-6Al-4V的VHCF行为,缺乏Ti-6Al-4V在VHCF下的多因素耦合研究,Ti-6Al-4V在VHCF条件下的寿命预测模型需考虑缺陷-组织耦合效应,B,Internal crack characteristics in very-high-cycle fatigue of a gradient structured titanium alloy
Ti-6Al-4V,microstructure,equiaxed α+β,文献中报告的组织特征参数,"['S-N curve', 'fatigue strength']受equiaxed α+β影响",equiaxed α+β影响裂纹萌生位置和扩展路径，决定疲劳抗力,"Gradient structure generated by pre-torsion reduces VHCF strength of Ti-6Al-4V alloy.; Surface crack initiation dominates in as-received specimens, while internal crack initiation occurs in gradient s",缺乏Ti-6Al-4V中equiaxed α+β与FCGR的定量关系,调控Ti-6Al-4V的equiaxed α+β可优化疲劳裂纹扩展抗力,B,Internal crack characteristics in very-high-cycle fatigue of a gradient structured titanium alloy
Ti-6Al-4V,temperature_environment,room temperature,room temperature,"room temperature下['S-N curve', 'fatigue strength']",room temperature环境影响裂纹萌生与扩展机制,"Gradient structure generated by pre-torsion reduces VHCF strength of Ti-6Al-4V alloy.; Surface crack initiation dominates in as-received specimens, while internal crack initiation occurs in gradient s",缺乏Ti-6Al-4V在room temperature下疲劳性能的系统数据,Ti-6Al-4V在room temperature下的疲劳机制与室温不同需单独研究,B,Internal crack characteristics in very-high-cycle fatigue of a gradient structured titanium alloy
Ti-6Al-4V,testing_method,surface crack initiation,文献中观察到的起裂位置和机制,裂纹起裂受surface crack initiation控制,surface crack initiation,"Gradient structure generated by pre-torsion reduces VHCF strength of Ti-6Al-4V alloy.; Surface crack initiation dominates in as-received specimens, while internal crack initiation occurs in gradient s",缺乏裂纹起裂机制的定量判据和预测模型,Ti-6Al-4V的裂纹起裂机制在缺陷和组织特征之间存在竞争关系,B,Internal crack characteristics in very-high-cycle fatigue of a gradient structured titanium alloy
AM Ti-6Al-4V,defect,pore defect,文献中报告的孔隙尺寸和分布,"['Fatigue strength', 'Crack growth performance']",孔隙缺陷在循环载荷下引发局部应力集中，促进裂纹在孔隙边缘萌生,Micron-sized pores significantly affect fatigue strength.; Residual stresses strongly influence fatigue crack growth.; Hot isostatic pressing (HIP) can improve fatigue strength to levels comparable to,缺乏孔隙特征(尺寸/位置/形态)与疲劳寿命的定量关系数据,AM Ti-6Al-4V的孔隙特征参量可定量预测疲劳寿命,B,On the mechanical behaviour of titanium alloy TiAl6V4 manufactured by selective laser melting: Fatigue resistance and crack growth performance
AM Ti-6Al-4V,manufacturing_process,L-PBF (L-PBF),文献中描述的工艺参数,"['Fatigue strength', 'Crack growth performance']",Not explicitly mentioned,文献采用L-PBF (L-PBF)制备AM Ti-6Al-4V,缺乏L-PBF (L-PBF)工艺参数→组织→疲劳性能的完整定量链,优化L-PBF (L-PBF)工艺参数可降低缺陷密度提升AM Ti-6Al-4V疲劳性能,B,On the mechanical behaviour of titanium alloy TiAl6V4 manufactured by selective laser melting: Fatigue resistance and crack growth performance
AM Ti-6Al-4V,heat_treatment,Vacuum or Argon atmosphere at 800°C and 1050°C for 2 h,Vacuum or Argon atmosphere at 800°C and 1050°C for 2 h,"['Fatigue strength', 'Crack growth performance']",热处理(Vacuum or Argon atmosphere at 800°C and 1050°C for)改变α/β相比例和片层厚度，影响裂纹扩展路径,Micron-sized pores significantly affect fatigue strength.; Residual stresses strongly influence fatigue crack growth.; Hot isostatic pressing (HIP) can improve fatigue strength to levels comparable to,缺乏AM Ti-6Al-4V不同热处理制度的疲劳性能系统对比数据,优化AM Ti-6Al-4V热处理制度可提升疲劳裂纹扩展抗力,B,On the mechanical behaviour of titanium alloy TiAl6V4 manufactured by selective laser melting: Fatigue resistance and crack growth performance
AM Ti-6Al-4V,loading_condition,HCF loading,文献中使用的载荷参数,"HCF下的['Fatigue strength', 'Crack growth performance']",HCF条件下Not explicitly mentioned,文献研究AM Ti-6Al-4V的HCF行为,缺乏AM Ti-6Al-4V在HCF下的多因素耦合研究,AM Ti-6Al-4V在HCF条件下的寿命预测模型需考虑缺陷-组织耦合效应,B,On the mechanical behaviour of titanium alloy TiAl6V4 manufactured by selective laser melting: Fatigue resistance and crack growth performance
AM Ti-6Al-4V,temperature_environment,Ambient conditions,Ambient conditions,"Ambient conditions下['Fatigue strength', 'Crack growth performance']",Ambient conditions环境影响Not explicitly mentioned,Micron-sized pores significantly affect fatigue strength.; Residual stresses strongly influence fatigue crack growth.; Hot isostatic pressing (HIP) can improve fatigue strength to levels comparable to,缺乏AM Ti-6Al-4V在Ambient conditions下疲劳性能的系统数据,AM Ti-6Al-4V在Ambient conditions下的疲劳机制与室温不同需单独研究,B,On the mechanical behaviour of titanium alloy TiAl6V4 manufactured by selective laser melting: Fatigue resistance and crack growth performance
AM Ti-6Al-4V,model_parameter,Not explicitly mentioned,文献中使用的模型参数,疲劳寿命预测/裂纹扩展速率预测,Not explicitly mentioned用于建立变量与疲劳性能之间的定量关系,文献使用Not explicitly mentioned分析AM Ti-6Al-4V疲劳数据,缺乏Not explicitly mentioned在不同AM Ti-6Al-4V工艺条件下的泛化能力验证,融合物理机制的Not explicitly mentioned可提升AM Ti-6Al-4V疲劳寿命预测精度,B,On the mechanical behaviour of titanium alloy TiAl6V4 manufactured by selective laser melting: Fatigue resistance and crack growth performance
AM Ti-6Al-4V,testing_method,Not explicitly mentioned,文献中观察到的起裂位置和机制,裂纹起裂受Not explicitly mentioned控制,Not explicitly mentioned,Micron-sized pores significantly affect fatigue strength.; Residual stresses strongly influence fatigue crack growth.; Hot isostatic pressing (HIP) can improve fatigue strength to levels comparable to,缺乏裂纹起裂机制的定量判据和预测模型,AM Ti-6Al-4V的裂纹起裂机制在缺陷和组织特征之间存在竞争关系,B,On the mechanical behaviour of titanium alloy TiAl6V4 manufactured by selective laser melting: Fatigue resistance and crack growth performance
7085铝合金,surface_state,surface roughness,as-built表面粗糙度Ra值,疲劳寿命Nf/疲劳强度,表面粗糙度造成局部应力集中，成为裂纹优先萌生位置,试样厚度越大，材料的中值疲劳强度越大。; 试样表面粗糙度越大，材料的中值疲劳强度越小。; 试样表面粗糙度影响表面凹槽处的曲率半径，进而影响应力集中系数。,缺乏表面粗糙度特征(峰谷参数/应力集中系数)与疲劳寿命的定量模型,7085铝合金表面粗糙度的临界值下疲劳寿命无明显降低,B,Study on the influence of sample size and roughness on fatigue performance of 7085 aluminum alloy
7085铝合金,loading_condition,HCF loading,文献中使用的载荷参数,HCF下的中值疲劳强度,HCF条件下裂纹萌生与扩展机制,文献研究7085铝合金的HCF行为,缺乏7085铝合金在HCF下的多因素耦合研究,7085铝合金在HCF条件下的寿命预测模型需考虑缺陷-组织耦合效应,B,Study on the influence of sample size and roughness on fatigue performance of 7085 aluminum alloy
7085铝合金,model_parameter,有限元方法,文献中使用的模型参数,疲劳寿命预测/裂纹扩展速率预测,有限元方法用于建立变量与疲劳性能之间的定量关系,文献使用有限元方法分析7085铝合金疲劳数据,缺乏有限元方法在不同7085铝合金工艺条件下的泛化能力验证,融合物理机制的有限元方法可提升7085铝合金疲劳寿命预测精度,B,Study on the influence of sample size and roughness on fatigue performance of 7085 aluminum alloy
AM Ti-6Al-4V,defect,pore defect,文献中报告的孔隙尺寸和分布,"['fatigue life', 'S-N curve']",孔隙缺陷在循环载荷下引发局部应力集中，促进裂纹在孔隙边缘萌生,"Pore size, location, and aspect ratio significantly affect fatigue life.; Surface pores are more detrimental than subsurface pores.; Optimizing pore distribution can improve fatigue life.",缺乏孔隙特征(尺寸/位置/形态)与疲劳寿命的定量关系数据,AM Ti-6Al-4V的孔隙特征参量可定量预测疲劳寿命,B,The Influence of Porosity on Fatigue Crack Initiation in Additively Manufactured Titanium Components
AM Ti-6Al-4V,manufacturing_process,EBM (EBM),文献中描述的工艺参数,"['fatigue life', 'S-N curve']",steady-state crack growth,文献采用EBM (EBM)制备AM Ti-6Al-4V,缺乏EBM (EBM)工艺参数→组织→疲劳性能的完整定量链,优化EBM (EBM)工艺参数可降低缺陷密度提升AM Ti-6Al-4V疲劳性能,B,The Influence of Porosity on Fatigue Crack Initiation in Additively Manufactured Titanium Components
AM Ti-6Al-4V,loading_condition,HCF loading,文献中使用的载荷参数,"HCF下的['fatigue life', 'S-N curve']",HCF条件下steady-state crack growth,文献研究AM Ti-6Al-4V的HCF行为,缺乏AM Ti-6Al-4V在HCF下的多因素耦合研究,AM Ti-6Al-4V在HCF条件下的寿命预测模型需考虑缺陷-组织耦合效应,B,The Influence of Porosity on Fatigue Crack Initiation in Additively Manufactured Titanium Components
AM Ti-6Al-4V,temperature_environment,room temperature,room temperature,"room temperature下['fatigue life', 'S-N curve']",room temperature环境影响steady-state crack growth,"Pore size, location, and aspect ratio significantly affect fatigue life.; Surface pores are more detrimental than subsurface pores.; Optimizing pore distribution can improve fatigue life.",缺乏AM Ti-6Al-4V在room temperature下疲劳性能的系统数据,AM Ti-6Al-4V在room temperature下的疲劳机制与室温不同需单独研究,B,The Influence of Porosity on Fatigue Crack Initiation in Additively Manufactured Titanium Components
AM Ti-6Al-4V,model_parameter,ranking strategies,文献中使用的模型参数,疲劳寿命预测/裂纹扩展速率预测,ranking strategies用于建立变量与疲劳性能之间的定量关系,文献使用ranking strategies分析AM Ti-6Al-4V疲劳数据,缺乏ranking strategies在不同AM Ti-6Al-4V工艺条件下的泛化能力验证,融合物理机制的ranking strategies可提升AM Ti-6Al-4V疲劳寿命预测精度,B,The Influence of Porosity on Fatigue Crack Initiation in Additively Manufactured Titanium Components
AM Ti-6Al-4V,testing_method,pore-induced crack initiation,文献中观察到的起裂位置和机制,裂纹起裂受pore-induced crack initiation控制,pore-induced crack initiation,"Pore size, location, and aspect ratio significantly affect fatigue life.; Surface pores are more detrimental than subsurface pores.; Optimizing pore distribution can improve fatigue life.",缺乏裂纹起裂机制的定量判据和预测模型,AM Ti-6Al-4V的裂纹起裂机制在缺陷和组织特征之间存在竞争关系,B,The Influence of Porosity on Fatigue Crack Initiation in Additively Manufactured Titanium Components
Ti-6Al-4V,manufacturing_process,"真空自耗电弧熔炼, 多火次锻造",文献中描述的工艺参数,疲劳寿命Nf,制备工艺参数影响微观组织和缺陷特征，进而影响疲劳性能,"文献采用真空自耗电弧熔炼, 多火次锻造制备Ti-6Al-4V","缺乏真空自耗电弧熔炼, 多火次锻造工艺参数→组织→疲劳性能的完整定量链","优化真空自耗电弧熔炼, 多火次锻造工艺参数可降低缺陷密度提升Ti-6Al-4V疲劳性能",B,基于机器学习模型的TC4 钛合金疲劳寿命预测
Ti-6Al-4V,heat_treatment,955 ℃保温120 min，随后升温至1000 ℃保温40 min，空冷；730 ℃时效130 min，空冷,955 ℃保温120 min，随后升温至1000 ℃保温40 min，空冷；730 ℃时效130 min，空冷,疲劳寿命Nf,热处理(955 ℃保温120 min，随后升温至1000 ℃保温40 min，空冷；730 ℃时效130 m)改变α/β相比例和片层厚度，影响裂纹扩展路径,Al、V元素含量对TC4钛合金的低周疲劳寿命影响较小; Fe元素含量对TC4钛合金的疲劳性能有积极影响; O元素含量对TC4钛合金疲劳寿命的影响较为显著,缺乏Ti-6Al-4V不同热处理制度的疲劳性能系统对比数据,优化Ti-6Al-4V热处理制度可提升疲劳裂纹扩展抗力,B,基于机器学习模型的TC4 钛合金疲劳寿命预测
Ti-6Al-4V,loading_condition,LCF loading,文献中使用的载荷参数,LCF下的疲劳寿命Nf,LCF条件下裂纹萌生与扩展机制,文献研究Ti-6Al-4V的LCF行为,缺乏Ti-6Al-4V在LCF下的多因素耦合研究,Ti-6Al-4V在LCF条件下的寿命预测模型需考虑缺陷-组织耦合效应,B,基于机器学习模型的TC4 钛合金疲劳寿命预测
Ti-6Al-4V,loading_condition,HCF loading,文献中使用的载荷参数,HCF下的疲劳寿命Nf,HCF条件下裂纹萌生与扩展机制,文献研究Ti-6Al-4V的HCF行为,缺乏Ti-6Al-4V在HCF下的多因素耦合研究,Ti-6Al-4V在HCF条件下的寿命预测模型需考虑缺陷-组织耦合效应,B,基于机器学习模型的TC4 钛合金疲劳寿命预测
Ti-6Al-4V,model_parameter,"BP神经网络, 广义回归神经网络, 支持向量机回归",文献中使用的模型参数,疲劳寿命预测/裂纹扩展速率预测,"BP神经网络, 广义回归神经网络, 支持向量机回归用于建立变量与疲劳性能之间的定量关系","文献使用BP神经网络, 广义回归神经网络, 支持向量机回归分析Ti-6Al-4V疲劳数据","缺乏BP神经网络, 广义回归神经网络, 支持向量机回归在不同Ti-6Al-4V工艺条件下的泛化能力验证","融合物理机制的BP神经网络, 广义回归神经网络, 支持向量机回归可提升Ti-6Al-4V疲劳寿命预测精度",B,基于机器学习模型的TC4 钛合金疲劳寿命预测
